{
  "best_model": "Random_Forest",
  "f1_score": 0.7011494252873564,
  "precision": 0.8356164383561644,
  "recall": 0.6039603960396039,
  "recommended_threshold": 0.5,
  "deployment_date": "2025-12-02",
  "total_features": 33,
  "training_size": 4328,
  "test_size": 1082
}