Accuracy,Precision,Recall,F1,ROC_AUC,PR_AUC,Model
0.901109057301294,0.4840425531914893,0.900990099009901,0.629757785467128,0.9697217428164836,0.7872304263821202,Logistic_Regression
0.9519408502772644,0.8356164383561644,0.6039603960396039,0.7011494252873564,0.969015250148868,0.7847207127563277,Random_Forest
0.9075785582255084,0.5031446540880503,0.7920792079207921,0.6153846153846154,0.8660035728343476,0.5186896128238385,Decision_Tree
0.8974121996303143,0.4736842105263157,0.8910891089108911,0.6185567010309279,0.9524076260837092,0.5785759720736993,SVM
