Accuracy,Precision,Recall,F1,ROC_AUC,PR_AUC,Model
0.9011090573012939,0.48404255319148937,0.900990099009901,0.629757785467128,0.9697217428164835,0.7872304263821202,Logistic_Regression
0.9519408502772643,0.8356164383561644,0.6039603960396039,0.7011494252873564,0.9690152501488681,0.7847207127563277,Random_Forest
0.9075785582255084,0.5031446540880503,0.7920792079207921,0.6153846153846154,0.8660035728343476,0.5186896128238385,Decision_Tree
0.8974121996303143,0.47368421052631576,0.8910891089108911,0.6185567010309279,0.9524076260837093,0.5785759720736993,SVM
0.9463955637707948,0.7128712871287128,0.7128712871287128,0.7128712871287128,0.9628082074262472,0.7840567707762216,XGBoost
